Ownership name,DBA name,Address,NIACS Code,NAICS Code Description,Parking,Business Location
Stephens Institute Inc,Academy Of Art University,79 New Montgomery St Fl 3,6100-6299,Private Education and Health Services,FALSE,"-122.400776, 37.7877"
Stephens Institute Inc,Acad Art College Supply Store,79 New Montgomery St,6100-6299,Private Education and Health Services,FALSE,"-122.400776, 37.7877"
Stephens Institute Inc,Academy Of Art University,410 Bush St,6100-6299,Private Education and Health Services,FALSE,"-122.404484, 37.790697"
Stephens Institute Inc,Academy Of Art University,2225 Jerrold Ave,6100-6299,Private Education and Health Services,FALSE,"-122.400812, 37.74525"
Stephens Institute Inc,Academy Of Art University,180 New Montgomery St,6100-6299,Private Education and Health Services,FALSE,"-122.399502, 37.786634"
Stephens Institute Inc,Academy Of Art University,540 Powell St,6100-6299,Private Education and Health Services,FALSE,"-122.408673, 37.789736"
Stephens Institute Inc,Academy Of Art University,460 Townsend St,6100-6299,Private Education and Health Services,FALSE,"-122.398633, 37.774234"
Stephens Institute Inc,Academy Of Art University,1835 Van Ness Ave #49,6100-6299,Private Education and Health Services,FALSE,"-122.422943, 37.792972"
Stephens Institute Inc,Academy Of Art University,620 Sutter St,6100-6299,Private Education and Health Services,FALSE,"-122.410677, 37.788972"
Stephens Institute Inc,Academy Of Art University,655 Sutter St,6100-6299,Private Education and Health Services,FALSE,"-122.41109, 37.788919"
Stephens Institute Inc,Academy Of Art University,1055 Pine St,6100-6299,Private Education and Health Services,FALSE,"-122.413156, 37.790564"
Stephens Institute Inc,Academy Of Art University,121 Wisconsin St,6100-6299,Private Education and Health Services,FALSE,"-122.39975, 37.765733"
Stephens Institute Inc,Academy Of Art University,150 Hayes St,6100-6299,Private Education and Health Services,FALSE,"-122.418822, 37.777396"
Stephens Institute Inc,Academy Of Art University,2300 Stockton St,6100-6299,Private Education and Health Services,FALSE,"-122.410549, 37.807161"
Stephens Institute Inc,Academy Of Art University,2801 Leavenworth St,6100-6299,Private Education and Health Services,FALSE,"-122.418926, 37.807088"
Stephens Institute Inc,Academy Of Art University,466 Townsend St,6100-6299,Private Education and Health Services,FALSE,"-122.399076, 37.773883"
Stephens Institute Inc,Academy Of Art University,491 Post St,6100-6299,Private Education and Health Services,FALSE,"-122.409734, 37.788127"
Stephens Institute Inc,Academy Of Art University,601 Brannan St,6100-6299,Private Education and Health Services,FALSE,"-122.399103, 37.776302"
Stephens Institute Inc,Academy Of Art University,625 Polk St,6100-6299,Private Education and Health Services,FALSE,"-122.419041, 37.782393"
Stephens Institute Inc,Academy Of Art University,631 Howard St,6100-6299,Private Education and Health Services,FALSE,"-122.398792, 37.786347"
Stephens Institute Inc,Academy Of Art University,688 Sutter St,6100-6299,Private Education and Health Services,FALSE,"-122.411745, 37.788834"
Stephens Institute Inc,Academy Of Art University,700 Montgomery St,6100-6299,Private Education and Health Services,FALSE,"-122.40335, 37.795699"
Stephens Institute Inc,Academy Of Art University,701 Chestnut St,6100-6299,Private Education and Health Services,FALSE,"-122.41492, 37.803547"
Stephens Institute Inc,Academy Of Art University,860 Sutter St,6100-6299,Private Education and Health Services,FALSE,"-122.411407, 37.788878"
Stephens Institute Inc,Academy Of Art University,60 Federal St,6100-6299,Private Education and Health Services,FALSE,"-122.392413, 37.783211"
Stephens Institute Inc,Academy Of Art University,740 Taylor St,6100-6299,Private Education and Health Services,FALSE,"-122.41202, 37.789316"
Anderson Enterprises Inc,Royal Motor Sales,285 Van Ness Ave,4400-4599,Retail Trade,FALSE,"-122.417827, 37.768642"
Anderson Enterprises Inc,Royal Audi,300 S Van Ness Ave,4400-4599,Retail Trade,FALSE,"-122.417827, 37.768642"
Anderson Enterprises Inc,San Francisco Volvo,285 Van Ness Ave,4400-4599,Retail Trade,FALSE,"-122.417827, 37.768642"
Anderson Enterprises Inc,San Francisco Mazda,280 S Van Ness Ave,4400-4599,Retail Trade,FALSE,"-122.417827, 37.768642"
Anderson Enterprises Inc,Royal Volkswagen,280 S Van Ness Ave,4400-4599,Retail Trade,FALSE,"-122.417827, 37.768642"
Anderson Enterprises Inc,Royal Motors Volvo,285 Van Ness Ave,4400-4599,Retail Trade,FALSE,"-122.417827, 37.768642"
Anderson Enterprises Inc,Royal Motors Volkswagen,280 S Van Ness Ave,4400-4599,Retail Trade,FALSE,"-122.417827, 37.768642"
Anderson Enterprises Inc,Royal Motors Audi,300 S Van Ness Ave,4400-4599,Retail Trade,FALSE,"-122.417827, 37.768642"
Anderson Enterprises Inc,Royal Motors,285 Van Ness Ave,4400-4599,Retail Trade,FALSE,"-122.417827, 37.768642"
Anderson Enterprises Inc,Royal Volvo,285 Van Ness Ave,4400-4599,Retail Trade,FALSE,"-122.417827, 37.768642"
Anderson Enterprises Inc,Royal Mazda,280 S Van Ness Ave,4400-4599,Retail Trade,FALSE,"-122.417827, 37.768642"
Anderson Enterprises Inc,Royal Motors Mazda,280 S Van Ness Ave,4400-4599,Retail Trade,FALSE,"-122.417827, 37.768642"
Anderson Enterprises Inc,San Francisco Audi,300 S Van Ness Ave,4400-4599,Retail Trade,FALSE,"-122.417827, 37.768642"
Anderson Enterprises Inc,San Francisco Volkswagen,280 S Van Ness Ave,4400-4599,Retail Trade,FALSE,"-122.417827, 37.768642"
Anderson Enterprises Inc,Audi San Francisco,300 S Van Ness Ave,4400-4599,Retail Trade,FALSE,"-122.417827, 37.768642"
Anderson Enterprises Inc,Royal Automotive Group,285 Van Ness Ave,4400-4599,Retail Trade,FALSE,"-122.417827, 37.768642"
Anderson Enterprises Inc,Royal Auto Group,285 Van Ness Ave,4400-4599,Retail Trade,FALSE,"-122.417827, 37.768642"
Anderson Enterprises Inc,Volvo Of San Francisco,285 Van Ness Ave,4400-4599,Retail Trade,FALSE,"-122.417827, 37.768642"
Anderson Enterprises Inc,Volkswagen San Francisco,280 S Van Ness Ave,4400-4599,Retail Trade,FALSE,"-122.417827, 37.768642"
Anderson Enterprises Inc,Mazda San Francisco,280 S Van Ness Ave,4400-4599,Retail Trade,FALSE,"-122.417827, 37.768642"
Anderson Enterprises Inc,Vw San Francisco,280 S Van Ness Ave,4400-4599,Retail Trade,FALSE,"-122.417827, 37.768642"
Anderson Enterprises Inc,Royal Sf,285 Van Ness Ave,4400-4599,Retail Trade,FALSE,"-122.417827, 37.768642"
Anderson Enterprises Inc,Go To Royal Sf,285 Van Ness Ave,4400-4599,Retail Trade,FALSE,"-122.417827, 37.768642"
Anderson Enterprises Inc,Royal Motor Sales,1525 Howard St,4400-4599,Retail Trade,FALSE,"-122.415948, 37.772779"
Anderson Enterprises Inc,Royal Automotive Group Body,165 14th St,4400-4599,Retail Trade,FALSE,"-122.417065, 37.768462"
Anderson Enterprises Inc,Royal Motor Sales,256 14th St,4400-4599,Retail Trade,FALSE,"-122.419091, 37.768343"
Del Camp Investments Inc,Del Camp Investments Inc,2122 Market St,5300-5399,Real Estate and Rental and Leasing Services,FALSE,"-122.429622, 37.767063"
Del Camp Investments Inc,Del Camp Investments Inc,2755 Webster St,5300-5399,Real Estate and Rental and Leasing Services,TRUE,"-122.433637, 37.796221"
Del Camp Investments Inc,100/02 Haight Rentals,100 Haight St,5300-5399,Real Estate and Rental and Leasing Services,FALSE,"-122.424072, 37.772925"
Del Camp Investments Inc,106/08 Haight Rentals,106 Haight St,5300-5399,Real Estate and Rental and Leasing Services,FALSE,"-122.424188, 37.772909"
Del Camp Investments Inc,578/92 Jersey Rentals,578 Jersey St,5300-5399,Real Estate and Rental and Leasing Services,FALSE,"-122.438125, 37.750264"
Del Camp Investments Inc,2351-2379 Mission St Building,2351 Mission St,5300-5399,Real Estate and Rental and Leasing Services,FALSE,"-122.4191, 37.759172"
Del Camp Investments Inc,675 Monterey Apts,675 Monterey Blvd,5300-5399,Real Estate and Rental and Leasing Services,FALSE,"-122.450553, 37.731514"
Del Camp Investments Inc,675 Monterey Apts,675 Monterey Blvd,5300-5399,Real Estate and Rental and Leasing Services,TRUE,"-122.450553, 37.731514"
Del Camp Investments Inc,140 Julian Apts,140 Julian Ave,5300-5399,Real Estate and Rental and Leasing Services,FALSE,"-122.421003, 37.765948"
Del Camp Investments Inc,140 Julian Apts,140 Julian Ave,5300-5399,Real Estate and Rental and Leasing Services,TRUE,"-122.421003, 37.765948"
Del Camp Investments Inc,140 Dolores Apts,140 Dolores St,5300-5399,Real Estate and Rental and Leasing Services,FALSE,"-122.426726, 37.767284"
Del Camp Investments Inc,140 Dolores Apts,140 Dolores St,5300-5399,Real Estate and Rental and Leasing Services,TRUE,"-122.426726, 37.767284"
Del Camp Investments Inc,1290 Hayes Apts,1290 Hayes St,5300-5399,Real Estate and Rental and Leasing Services,FALSE,"-122.437642, 37.775023"
Del Camp Investments Inc,701 Pine Apts,701 Pine St,5300-5399,Real Estate and Rental and Leasing Services,FALSE,"-122.407539, 37.791276"
Del Camp Investments Inc,701 Pine Apts,701 Pine St,5300-5399,Real Estate and Rental and Leasing Services,TRUE,"-122.407539, 37.791276"
Del Camp Investments Inc,881/83 Fulton Rentals,881 Fulton St,5300-5399,Real Estate and Rental and Leasing Services,FALSE,"-122.431099, 37.777767"
Del Camp Investments Inc,520 Divisadero Apts,520 Divisadero St,5300-5399,Real Estate and Rental and Leasing Services,FALSE,"-122.437639, 37.774372"
Del Camp Investments Inc,1367-1373 Hayes Apts,1367 Hayes St,5300-5399,Real Estate and Rental and Leasing Services,FALSE,"-122.438903, 37.774858"
Del Camp Investments Inc,364 Page Apts,364 Page St,5300-5399,Real Estate and Rental and Leasing Services,FALSE,"-122.426683, 37.773544"
Del Camp Investments Inc,364 Page Apts,364 Page St,5300-5399,Real Estate and Rental and Leasing Services,TRUE,"-122.426683, 37.773544"
Del Camp Investments Inc,1544-1548 Mcallister Apts,1544 Mcallister St,5300-5399,Real Estate and Rental and Leasing Services,FALSE,"-122.437518, 37.777901"
Del Camp Investments Inc,995 Pine Apts,995 Pine St,5300-5399,Real Estate and Rental and Leasing Services,FALSE,"-122.412046, 37.7907"
Del Camp Investments Inc,4598 Mission Bldg,4598 Mission St,5300-5399,Real Estate and Rental and Leasing Services,FALSE,"-122.434893, 37.724578"
Del Camp Investments Inc,520 Divisadero Bldg,520 Divisadero St,5300-5399,Real Estate and Rental and Leasing Services,FALSE,"-122.437639, 37.774372"
Del Camp Investments Inc,600-604 Divisadero Bldg,600 Divisadero St,5300-5399,Real Estate and Rental and Leasing Services,FALSE,"-122.437784, 37.775119"
Del Camp Investments Inc,600-604 Divisadero Bldg,600 Divisadero St,5300-5399,Real Estate and Rental and Leasing Services,TRUE,"-122.437784, 37.775119"
Del Camp Investments Inc,1333 Castro Bldg,1333 Castro St,5300-5399,Real Estate and Rental and Leasing Services,FALSE,"-122.434028, 37.750711"
Del Camp Investments Inc,3940-3960 24th St Bldg,3940 24th St,5300-5399,Real Estate and Rental and Leasing Services,FALSE,"-122.430568, 37.751513"
Del Camp Investments Inc,2351-2379 Mission Bldg,2351 Mission St,5300-5399,Real Estate and Rental and Leasing Services,FALSE,"-122.4191, 37.759172"
Del Camp Investments Inc,4175 Mission Bldg,4175 Mission St,5300-5399,Real Estate and Rental and Leasing Services,FALSE,"-122.429332, 37.730703"
Del Camp Investments Inc,1390 Silver Bldg,1390 Silver Ave,5300-5399,Real Estate and Rental and Leasing Services,FALSE,"-122.408968, 37.731424"
Del Camp Investments Inc,2100 Chestnut St,2100 Chestnut St,5300-5399,Real Estate and Rental and Leasing Services,FALSE,"-122.438057, 37.800582"
Del Camp Investments Inc,5411 Geary Blvd,5411 Geary Blvd,5300-5399,Real Estate and Rental and Leasing Services,FALSE,"-122.477543, 37.780348"
Del Camp Investments Inc,3972 24th St Apts,3972 24th St,5300-5399,Real Estate and Rental and Leasing Services,FALSE,"-122.431235, 37.751473"
Del Camp Investments Inc,1461 California Street,1461 California St,5300-5399,Real Estate and Rental and Leasing Services,FALSE,"-122.418392, 37.790868"
Del Camp Investments Inc,3755 Fillmore St,3755 Fillmore St,5300-5399,Real Estate and Rental and Leasing Services,TRUE,"-122.437319, 37.805328"
Del Camp Investments Inc,1930 Sacramento St,1930 Sacramento St,5300-5399,Real Estate and Rental and Leasing Services,TRUE,"-122.424757, 37.791011"
Del Camp Investments Inc,3124 Octavia Apts,3124 Octavia St,5300-5399,Real Estate and Rental and Leasing Services,FALSE,"-122.429566, 37.801101"
Del Camp Investments Inc,3124 Octavia Apts,3124 Octavia St,5300-5399,Real Estate and Rental and Leasing Services,TRUE,"-122.429566, 37.801101"
Del Camp Investments Inc,2 Norton St,2 Norton St,5300-5399,Real Estate and Rental and Leasing Services,TRUE,"-122.435129, 37.724696"
Del Camp Investments Inc,2120 Market St,2120 Market St,5300-5399,Real Estate and Rental and Leasing Services,TRUE,"-122.429469, 37.76718"
Del Camp Investments Inc,"Del-Camp Investments, Inc",449 15th Ave,5300-5399,Real Estate and Rental and Leasing Services,TRUE,"-122.473905, 37.779467"
Otis Mcallister Inc,Otis Mcallister Inc,160 Pine St 350,4200-4299,Wholesale Trade,FALSE,"-122.399326, 37.79233"
Otis Mcallister Inc,Carl Braun Co,160 Pine St 350,4200-4299,Wholesale Trade,FALSE,"-122.399326, 37.79233"
Otis Mcallister Inc,Hansa Pacific Co,160 Pine St 350,4200-4299,Wholesale Trade,FALSE,"-122.399326, 37.79233"
Otis Mcallister Inc,Am Beebe Co,160 Pine St 350,4200-4299,Wholesale Trade,FALSE,"-122.399326, 37.79233"
Otis Mcallister Inc,La Sirena,160 Pine St 350,4200-4299,Wholesale Trade,FALSE,"-122.399326, 37.79233"
Otis Mcallister Inc,Village Harvest,160 Pine St 350,4200-4299,Wholesale Trade,FALSE,"-122.399326, 37.79233"
Otis Mcallister Inc,Super Lucky Elephant,160 Pine St 350,4200-4299,Wholesale Trade,FALSE,"-122.399326, 37.79233"
Otis Mcallister Inc,Iti-Otis Mcallister Americas,160 Pine St 350,4200-4299,Wholesale Trade,FALSE,"-122.399326, 37.79233"
Otis Mcallister Inc,American Caribbean Gateway,160 Pine St 350,4200-4299,Wholesale Trade,FALSE,"-122.399326, 37.79233"
San Francisco Parking Inc,City Park,350 Pacific Ave,8100-8139,Certain Services,FALSE,"-122.401607, 37.797565"
San Francisco Parking Inc,City Park,12 4th Street,8100-8139,Certain Services,FALSE,"-122.405352, 37.785403"
San Francisco Parking Inc,City Park,2500 Mason St,8100-8139,Certain Services,FALSE,"-122.413794, 37.806556"
San Francisco Parking Inc,City Park,450 Powell St,8100-8139,Certain Services,FALSE,"-122.408527, 37.78878"
San Francisco Parking Inc,City Park,22 4th Street,8100-8139,Certain Services,FALSE,"-122.405429, 37.785463"
San Francisco Parking Inc,City Park,750 Front St,8100-8139,Certain Services,FALSE,"-122.399778, 37.798189"
San Francisco Parking Inc,City Park,23 Brady St,8100-8139,Certain Services,FALSE,"-122.420626, 37.773028"
San Francisco Parking Inc,City Park,400 North Point,8100-8139,Certain Services,FALSE,"-122.414645, 37.806452"
San Francisco Parking Inc,City Park,199 Fremont St,8100-8139,Certain Services,FALSE,"-122.395309, 37.789371"
San Francisco Parking Inc,City Park,1500 Mission St,8100-8139,Certain Services,FALSE,"-122.417128, 37.774326"
San Francisco Parking Inc,City Park,505 Montgomery St,8100-8139,Certain Services,FALSE,"-122.403047, 37.794159"
San Francisco Parking Inc,City Park,1500 Van Ness Ave,8100-8139,Certain Services,FALSE,"-122.422064, 37.789429"
San Francisco Parking Inc,City Park,235 2nd St #02,8100-8139,Certain Services,FALSE,"-122.39736, 37.786079"
San Francisco Parking Inc,City Park,501 2nd St #28,8100-8139,Certain Services,FALSE,"-122.393234, 37.782757"
San Francisco Parking Inc,City Park,345 Stockton St #72,8100-8139,Certain Services,FALSE,"-122.406909, 37.789112"
San Francisco Parking Inc,City Park,999 California St,8100-8139,Certain Services,FALSE,"-122.411265, 37.791791"
San Francisco Parking Inc,City Park,475 Sansome,8100-8139,Certain Services,FALSE,"-122.401499, 37.794796"
San Francisco Parking Inc,City Park,125 3rd St,8100-8139,Certain Services,FALSE,"-122.401649, 37.78596"
San Francisco Parking Inc,City Park,55 Hagiwara Tea Garden Dr,8100-8139,Certain Services,FALSE,"-122.468521, 37.77077"
San Francisco Parking Inc,City Park,8 Mission St,8100-8139,Certain Services,FALSE,"-122.392993, 37.79339"
San Francisco Parking Inc,City Park,1390 Market,8100-8139,Certain Services,FALSE,"-122.417111, 37.776865"
San Francisco Parking Inc,City Park,335 Powell St,8100-8139,Certain Services,FALSE,"-122.408345, 37.787875"
San Francisco Parking Inc,City Park,450 Sutter St,8100-8139,Certain Services,FALSE,"-122.407788, 37.789331"
San Francisco Parking Inc,City Park,325 Mason St,8100-8139,Certain Services,FALSE,"-122.409763, 37.786581"
San Francisco Parking Inc,City Park,300 3rd St,8100-8139,Certain Services,FALSE,"-122.398735, 37.783619"
San Francisco Parking Inc,City Park,875 California St,8100-8139,Certain Services,FALSE,"-122.408748, 37.792106"
San Francisco Parking Inc,City Park,101 Montgomery St,8100-8139,Certain Services,FALSE,"-122.402289, 37.79047"
San Francisco Parking Inc,City Park,655 Montgomery St,8100-8139,Certain Services,FALSE,"-122.403271, 37.795305"
San Francisco Parking Inc,City Park,250-260 King Street,8100-8139,Certain Services,FALSE,"-122.39309, 37.777249"
San Francisco Parking Inc,City Park,640 Gilman Ave,8100-8139,Certain Services,FALSE,"-122.382648, 37.715136"
San Francisco Parking Inc,City Park,5 Thomas Mellon Cir,8100-8139,Certain Services,FALSE,"-122.392951, 37.710089"
San Francisco Parking Inc,City Park,150 Executive Park Blvd,8100-8139,Certain Services,FALSE,"-122.393181, 37.711257"
San Francisco Parking Inc,City Park,701 Jamestown Ave,8100-8139,Certain Services,FALSE,"-122.3888, 37.714685"
San Francisco Parking Inc,City Park,648 Gilman Ave,8100-8139,Certain Services,FALSE,"-122.382436, 37.715012"
San Francisco Parking Inc,City Park,495 Geary St,8100-8139,Certain Services,FALSE,"-122.411084, 37.786995"
San Francisco Parking Inc,City Park,41 Tehama St,8100-8139,Certain Services,FALSE,"-122.396412, 37.787372"
San Francisco Parking Inc,City Park,425 First St,8100-8139,Certain Services,FALSE,"-122.392321, 37.785641"
San Francisco Parking Inc,City Park,5 Embarcadero Ctr(hyatt Regency),8100-8139,Certain Services,FALSE,"-122.396158, 37.795106"
San Francisco Parking Inc,City Park,466 Bush St,8100-8139,Certain Services,FALSE,"-122.40519, 37.790615"
San Francisco Parking Inc,City Park,255 12th St,8100-8139,Certain Services,FALSE,"-122.415666, 37.771176"
San Francisco Parking Inc,City Park,600 Stockton St,8100-8139,Certain Services,FALSE,"-122.40743, 37.791708"
San Francisco Parking Inc,City Park #05 750 Bush St,750 Bush St,8100-8139,Certain Services,FALSE,"-122.409701, 37.790049"
San Francisco Parking Inc,City Park #06 Holiday Inn,480 Sutter St,8100-8139,Certain Services,FALSE,"-122.408256, 37.789281"
San Francisco Parking Inc,City Park #18 Bricks,240 Pacific Ave,8100-8139,Certain Services,FALSE,"-122.40043, 37.797718"
San Francisco Parking Inc,City Park #33 St Francis Place,333 3rd St,8100-8139,Certain Services,FALSE,"-122.398186, 37.783189"
San Francisco Parking Inc,City Park #61 601 Montgomery,601 Montgomery St,8100-8139,Certain Services,FALSE,"-122.403189, 37.794906"
San Francisco Parking Inc,One Front Street Garage,36 Battery St,8100-8139,Certain Services,FALSE,"-122.399676, 37.791789"
San Francisco Parking Inc,City Park,325 Fifth St/mission St,8100-8139,Certain Services,FALSE,"-122.402904, 37.77987"
San Francisco Parking Inc,City Park,350 Sansome St,8100-8139,Certain Services,FALSE,"-122.401286, 37.793723"
San Francisco Parking Inc,City Park,50 8th Street,8100-8139,Certain Services,FALSE,"-122.413833, 37.777991"
San Francisco Parking Inc,City Park,900 North Point St,8100-8139,Certain Services,FALSE,"-122.422944, 37.805393"
San Francisco Parking Inc,City Park,601 Van Ness Ave,8100-8139,Certain Services,FALSE,"-122.420616, 37.781471"
San Francisco Parking Inc,City Park,757 Market St,8100-8139,Certain Services,FALSE,"-122.404674, 37.786682"
San Francisco Parking Inc,City Park,1220 Bush St,8100-8139,Certain Services,FALSE,"-122.417371, 37.789071"
San Francisco Parking Inc,City Park,223 Stevenson St,8100-8139,Certain Services,FALSE,"-122.403048, 37.787036"
San Francisco Parking Inc,City Park,181 3rd St,8100-8139,Certain Services,FALSE,"-122.400833, 37.78529"
San Francisco Parking Inc,75 Hawthorne St,75 Hawthorne St,8100-8139,Certain Services,FALSE,"-122.398314, 37.785047"
San Francisco Parking Inc,City Park,147 Minna St,8100-8139,Certain Services,FALSE,"-122.400482, 37.786612"
San Francisco Parking Inc,City Park,888 Howard St,8100-8139,Certain Services,FALSE,"-122.40454, 37.781801"
San Francisco Parking Inc,San Francisco Parking Inc,301 Mission St,8100-8139,Certain Services,FALSE,"-122.396321, 37.790753"
San Francisco Parking Inc,Fairmont Hotel,900 Mason St,8100-8139,Certain Services,FALSE,"-122.467467, 37.803714"
San Francisco Parking Inc,Grand Hyatt Union Square,345 Stockton St,8100-8139,Certain Services,FALSE,"-122.406909, 37.789112"
San Francisco Parking Inc,City Park,555 Market St,8100-8139,Certain Services,FALSE,"-122.400191, 37.79022"
San Francisco Parking Inc,City Park,950 Mason St,8100-8139,Certain Services,FALSE,"-122.410899, 37.792307"
San Francisco Parking Inc,City Park,562 Sutter St,8100-8139,Certain Services,FALSE,"-122.409748, 37.789094"
San Francisco Parking Inc,City Park,900 Hyde St,8100-8139,Certain Services,FALSE,"-122.417112, 37.789561"
San Francisco Parking Inc,Stanford Court,905 California St,8100-8139,Certain Services,FALSE,"-122.409718, 37.791983"
San Francisco Parking Inc,Millennium Towers,301 Mission St,8100-8139,Certain Services,FALSE,"-122.396321, 37.790753"
San Francisco Parking Inc,City Park Cnet,235 Second St,8100-8139,Certain Services,FALSE,"-122.39736, 37.786079"
San Francisco Parking Inc,City Park Hearst,45 Third St,8100-8139,Certain Services,FALSE,"-122.403064, 37.787093"
San Francisco Parking Inc,City Park,333 O'farrell,8100-8139,Certain Services,FALSE,"-122.410864, 37.786069"
San Francisco Parking Inc,City Park,923 Folsom St,8100-8139,Certain Services,FALSE,"-122.403712, 37.780026"
San Francisco Parking Inc,Cpmc,2300 Clay St,8100-8139,Certain Services,FALSE,"-122.431968, 37.791036"
